Workbook

Sheet Registro DM-PF
A1: Nombre de la prueba: | B1: Pruebas al Proyecto Final | H1: Sistema: | I1: PF | L1: 1 | M1: Crítico | N1: 1 | O1: Arquitectónico
A2: Autor del caso de prueba: | B2: Perez, Juan | H2: Versión: | I2: 1.0.0 | L2: 2 | M2: Alto | N2: 2 | O2: Conectividad
A3: Tester: | B3: Rodriguez, Marcelo | H3: Revisión: | I3: 1 | L3: 3 | M3: Medio | N3: 3 | O3: Consistencia
A4: Fecha prueba: | B4: =TODAY() -> 43033 | H4: Ciclo: | I4: 1 | L4: 4 | M4: Bajo | N4: 4 | O4: Integridad de la BD
N5: 5 | O5: Documentación
N6: 6 | O6: Funcionalidad
A7: Id Defecto | B7: Título del problema | C7: Tipo de defecto | E7: Prioridad | G7: Severidad | I7: Descripción del problema | N7: 7 | O7: GUI
A8: DM-PF-001 | B8: ='DM-PF-001'!F$3 -> Error en TC-PF-001-07, TC-PF-001-08 y TC-PF-001-09. | C8: ='DM-PF-001'!G$8 -> 6 | D8: =VLOOKUP(C8,$N$1:$O$8,2,FALSE) -> Funcionalidad | E8: ='DM-PF-001'!G$23 -> 2 | F8: =VLOOKUP(E8,$L$1:$M$4,2,FALSE) -> Alto | G8: ='DM-PF-001'!G$26 -> 2 | H8: =VLOOKUP(G8,$L$1:$M$4,2,FALSE) -> Alto | I8: Error en la funcionalidad …. Muestra mensaje de error … | N8: 8 | O8: Performance

Sheet DM-PF-001
A1: Id Defecto: | B1: =MID(CELL("nombrearchivo",A1),FIND("]",CELL("nombrearchivo",A1))+1,FIND("]",CELL("nombrearchivo",A1))-FIND("[",CELL("nombrearchivo",A1))-1) -> DM-PF-001 | D1: Tester: | F1: ='Registro DM-PF'!B3 -> Rodriguez, Marcelo | G1: Ir a inicio
A2: Fecha: | B2: ='Registro DM-PF'!B4 -> 43033 | D2: Defecto o mejora:
A3: Sistema: | B3: ='Registro DM-PF'!I1 -> PF | D3: Título del problema: | F3: =CONCATENATE("Error en ",F4) -> Error en TC-PF-001-07, TC-PF-001-08 y TC-PF-001-09.
A4: Versión: | B4: ='Registro DM-PF'!I2 -> 1.0.0 | D4: Caso de Prueba: | F4: TC-PF-001-07, TC-PF-001-08 y TC-PF-001-09.
A5: Revisión: | B5: ='Registro DM-PF'!I3 -> 1 | D5: Entorno: | F5: homologacion
A6: Área del defecto: | D6: Otros entornos:
A7: Descripción del problema: | C7: =VLOOKUP(B1,'Registro DM-PF'!A8:I8,9,FALSE) -> Error en la funcionalidad …. Muestra mensaje de error …
A8: Tipo de defecto: | G8: 6
B9: =IF($G$8=1,"þ","¨") -> ¨ | C9: Arquitectónico | D9: =IF($G$8=7,"þ","¨") -> ¨ | E9: GUI
B10: =IF($G$8=2,"þ","¨") -> ¨ | C10: Conectividad | D10: =IF($G$8=8,"þ","¨") -> ¨ | E10: Performance
B11: =IF($G$8=3,"þ","¨") -> ¨ | C11: Consistencia | D11: =IF($G$8=9,"þ","¨") -> ¨ | E11: Seguridad y controles
B12: =IF($G$8=4,"þ","¨") -> ¨ | C12: Integridad de la BD | D12: =IF($G$8=10,"þ","¨") -> ¨ | E12: Estándares y convenciones
B13: =IF($G$8=5,"þ","¨") -> ¨ | C13: Documentación | D13: =IF($G$8=11,"þ","¨") -> ¨ | E13: Usabilidad
B14: =IF($G$8=6,"þ","¨") -> þ | C14: Funcionalidad | D14: =IF($G$8=12,"þ","¨") -> ¨ | E14: Otros
A15: Quién detectó: | G15: 4
B16: =IF($G$15=1,"þ","¨") -> ¨ | C16: Usuario externo | D16: =IF($G$15=3,"þ","¨") -> ¨ | E16: Desarrollo
B17: =IF($G$15=2,"þ","¨") -> ¨ | C17: Usuario interno | D17: =IF($G$15=4,"þ","¨") -> þ | E17: Testing y Calidad
A18: Cómo fue detectado: | G18: 4
B19: =IF($G$18=1,"þ","¨") -> ¨ | C19: Revisión | D19: =IF($G$18=3,"þ","¨") -> ¨ | E19: JAD (Joint Application Designs)
B20: =IF($G$18=2,"þ","¨") -> ¨ | C20: Recorrido | D20: =IF($G$18=4,"þ","¨") -> þ | E20: Prueba
A21: Asignado a:
A22: Individuo asignado para investigar problema
A23: Prioridad: | G23: 2
B24: =IF($G$23=1,"þ","¨") -> ¨ | C24: Crítico | D24: =IF($G$23=3,"þ","¨") -> ¨ | E24: Medio
B25: =IF($G$23=2,"þ","¨") -> þ | C25: Alto | D25: =IF($G$23=4,"þ","¨") -> ¨ | E25: Bajo
A26: Severidad: | G26: 2
B27: =IF($G$26=1,"þ","¨") -> ¨ | C27: Crítico | D27: =IF($G$26=3,"þ","¨") -> ¨ | E27: Medio
B28: =IF($G$26=2,"þ","¨") -> þ | C28: Alto | D28: =IF($G$26=4,"þ","¨") -> ¨ | E28: Bajo
A29: Estado: | G29: 1
B30: =IF($G$29=1,"þ","¨") -> þ | C30: Abierto | D30: =IF($G$29=5,"þ","¨") -> ¨ | E30: Cerrado (Testing y Calidad)
B31: =IF($G$29=2,"þ","¨") -> ¨ | C31: Siendo revisado por Desarrollo | D31: =IF($G$29=6,"þ","¨") -> ¨ | E31: Devuelto por (Testing y Calidad)
B32: =IF($G$29=3,"þ","¨") -> ¨ | C32: Devuelto por Desarrollo | D32: =IF($G$29=7,"þ","¨") -> ¨ | E32: Diferido para la siguiente versión
B33: =IF($G$29=4,"þ","¨") -> ¨ | C33: Listo para probar en la siguiente versión
A34: Descripción del estado:
A36: (Requerido cuando el estado = “Devuelto por Desarrollo”, “Listo para probar en la siguiente versión")
A37: Arreglado por:
A39: (Requerido cuando el estado = “Listo para probar en la siguiente versión”)
A40: Arreglo previsto para la versión:
A42: (Requerido cuando el estado = “Listo para probar en la siguiente versión”)
